{
  "ate_mean_m": 47.28260319883463,
  "ate_rmse_m": 52.613813292097824,
  "ate_std_m": 23.07745184974466,
  "completeness_pct": 98.77300613496932,
  "delta_m": 10.0,
  "gt_poses": 3749,
  "matched_poses": 3703,
  "rpe_rot_drift_deg_per_100m": 70.52801841721289,
  "rpe_rot_mean_deg": 7.052801841721289,
  "rpe_rot_rmse_deg": 15.85410452406716,
  "rpe_trans_drift_m_per_m": 2.1902592997669896,
  "rpe_trans_mean_m": 21.902592997669895,
  "rpe_trans_rmse_m": 21.99937919101923,
  "t_max_diff_s": 0.1
}