{
  "num_classes": 26,
  "images_evaluated": 1380,
  "metrics_all": {
    "pixel_accuracy": 0.964119184009277,
    "mean_iou": 0.6711940940807348,
    "mean_dice": 0.7233565171974851,
    "mean_accuracy": 0.7072877301376385,
    "per_class_iou": [
      0.8391607716056826,
      0.9189614390243527,
      0.8828060584715418,
      0.9353157040676106,
      0.0,
      0.0,
      0.7789224812399338,
      0.0,
      0.0,
      0.0,
      0.0,
      0.0,
      0.0,
      0.9665991104432473,
      0.9398492159168887,
      0.8901165168042755,
      0.0,
      0.9190955301616769,
      0.0,
      0.9478539867576897,
      0.5592755199867693,
      0.0,
      0.0,
      0.0,
      0.48995507673135463,
      0.0
    ],
    "per_class_dice": [
      0.9125474885733365,
      0.9577695729952503,
      0.9377557019209956,
      0.9665768764256719,
      0.0,
      0.0,
      0.8757239165329048,
      0.0,
      0.0,
      0.0,
      0.0,
      0.0,
      0.0,
      0.9830159134216101,
      0.9689920311385232,
      0.9418641749231891,
      0.0,
      0.9578423957709352,
      0.0,
      0.9732289927290134,
      0.7173530435359042,
      0.0,
      0.0,
      0.0,
      0.6576776499949409,
      0.0
    ],
    "per_class_accuracy": [
      0.9060810221236894,
      0.9592622880677076,
      0.9579569273157297,
      0.9692776154149875,
      0.0,
      0.0,
      0.8182985361171097,
      0.0,
      0.0,
      0.0,
      0.0,
      0.0,
      0.0,
      0.9832995837126184,
      0.9796008545811523,
      0.956153680628423,
      0.0,
      0.9575656358045763,
      0.0,
      0.9879662714094976,
      0.611774516108516,
      0.0,
      0.0,
      0.0,
      0.5220790207805696,
      0.0
    ],
    "valid_classes": [
      0,
      1,
      2,
      3,
      5,
      6,
      13,
      14,
      15,
      16,
      17,
      19,
      20,
      24,
      25
    ]
  },
  "metrics_no_bg": {
    "pixel_accuracy": 0.964119184009277,
    "mean_iou": 0.6591964742575244,
    "mean_dice": 0.7098428763849244,
    "mean_accuracy": 0.6930882092814921,
    "per_class_iou": [
      0.8391607716056826,
      0.9189614390243527,
      0.8828060584715418,
      0.9353157040676106,
      0.0,
      0.0,
      0.7789224812399338,
      0.0,
      0.0,
      0.0,
      0.0,
      0.0,
      0.0,
      0.9665991104432473,
      0.9398492159168887,
      0.8901165168042755,
      0.0,
      0.9190955301616769,
      0.0,
      0.9478539867576897,
      0.5592755199867693,
      0.0,
      0.0,
      0.0,
      0.48995507673135463,
      0.0
    ],
    "per_class_dice": [
      0.9125474885733365,
      0.9577695729952503,
      0.9377557019209956,
      0.9665768764256719,
      0.0,
      0.0,
      0.8757239165329048,
      0.0,
      0.0,
      0.0,
      0.0,
      0.0,
      0.0,
      0.9830159134216101,
      0.9689920311385232,
      0.9418641749231891,
      0.0,
      0.9578423957709352,
      0.0,
      0.9732289927290134,
      0.7173530435359042,
      0.0,
      0.0,
      0.0,
      0.6576776499949409,
      0.0
    ],
    "per_class_accuracy": [
      0.9060810221236894,
      0.9592622880677076,
      0.9579569273157297,
      0.9692776154149875,
      0.0,
      0.0,
      0.8182985361171097,
      0.0,
      0.0,
      0.0,
      0.0,
      0.0,
      0.0,
      0.9832995837126184,
      0.9796008545811523,
      0.956153680628423,
      0.0,
      0.9575656358045763,
      0.0,
      0.9879662714094976,
      0.611774516108516,
      0.0,
      0.0,
      0.0,
      0.5220790207805696,
      0.0
    ],
    "valid_classes": [
      1,
      2,
      3,
      5,
      6,
      13,
      14,
      15,
      16,
      17,
      19,
      20,
      24,
      25
    ]
  },
  "confusion_matrix": [
    [
      74183702,
      1544528,
      1144117,
      159178,
      0,
      0,
      450,
      0,
      0,
      0,
      0,
      0,
      0,
      4210273,
      353184,
      28173,
      0,
      52346,
      0,
      155502,
      34172,
      0,
      0,
      0,
      7519,
      0
    ],
    [
      1534500,
      38763296,
      14867,
      47,
      0,
      0,
      8,
      0,
      0,
      0,
      0,
      0,
      0,
      88798,
      6056,
      22,
      0,
      555,
      0,
      417,
      907,
      0,
      0,
      0,
      13,
      0
    ],
    [
      518847,
      19349,
      15976934,
      11362,
      0,
      0,
      2,
      0,
      0,
      0,
      0,
      0,
      0,
      114278,
      28754,
      7,
      0,
      69,
      0,
      757,
      7406,
      0,
      0,
      0,
      369,
      0
    ],
    [
      150617,
      2379,
      6986,
      6291865,
      0,
      0,
      0,
      0,
      0,
      0,
      0,
      0,
      0,
      26886,
      5614,
      0,
      0,
      0,
      0,
      0,
      6946,
      0,
      0,
      0,
      0,
      0
    ],
    [
      0,
      0,
      0,
      0,
      0,
      0,
      0,
      0,
      0,
      0,
      0,
      0,
      0,
      0,
      0,
      0,
      0,
      0,
      0,
      0,
      0,
      0,
      0,
      0,
      0,
      0
    ],
    [
      1435,
      0,
      0,
      0,
      0,
      0,
      0,
      0,
      0,
      0,
      0,
      0,
      0,
      4219,
      0,
      51,
      0,
      0,
      0,
      0,
      86,
      0,
      0,
      0,
      564,
      0
    ],
    [
      3803,
      66,
      9829,
      0,
      0,
      0,
      68197,
      0,
      0,
      0,
      0,
      0,
      0,
      1040,
      1,
      0,
      0,
      0,
      0,
      0,
      404,
      0,
      0,
      0,
      0,
      0
    ],
    [
      0,
      0,
      0,
      0,
      0,
      0,
      0,
      0,
      0,
      0,
      0,
      0,
      0,
      0,
      0,
      0,
      0,
      0,
      0,
      0,
      0,
      0,
      0,
      0,
      0,
      0
    ],
    [
      0,
      0,
      0,
      0,
      0,
      0,
      0,
      0,
      0,
      0,
      0,
      0,
      0,
      0,
      0,
      0,
      0,
      0,
      0,
      0,
      0,
      0,
      0,
      0,
      0,
      0
    ],
    [
      0,
      0,
      0,
      0,
      0,
      0,
      0,
      0,
      0,
      0,
      0,
      0,
      0,
      0,
      0,
      0,
      0,
      0,
      0,
      0,
      0,
      0,
      0,
      0,
      0,
      0
    ],
    [
      0,
      0,
      0,
      0,
      0,
      0,
      0,
      0,
      0,
      0,
      0,
      0,
      0,
      0,
      0,
      0,
      0,
      0,
      0,
      0,
      0,
      0,
      0,
      0,
      0,
      0
    ],
    [
      0,
      0,
      0,
      0,
      0,
      0,
      0,
      0,
      0,
      0,
      0,
      0,
      0,
      0,
      0,
      0,
      0,
      0,
      0,
      0,
      0,
      0,
      0,
      0,
      0,
      0
    ],
    [
      0,
      0,
      0,
      0,
      0,
      0,
      0,
      0,
      0,
      0,
      0,
      0,
      0,
      0,
      0,
      0,
      0,
      0,
      0,
      0,
      0,
      0,
      0,
      0,
      0,
      0
    ],
    [
      3766854,
      177413,
      203753,
      35667,
      0,
      0,
      3753,
      0,
      0,
      0,
      0,
      0,
      0,
      260673464,
      205873,
      1999,
      0,
      10690,
      0,
      12911,
      7469,
      0,
      0,
      0,
      911,
      0
    ],
    [
      202503,
      7888,
      17551,
      306,
      0,
      0,
      0,
      0,
      0,
      0,
      0,
      0,
      0,
      69132,
      14387818,
      475,
      0,
      97,
      0,
      314,
      1267,
      0,
      0,
      0,
      78,
      0
    ],
    [
      14574,
      57,
      0,
      0,
      0,
      0,
      0,
      0,
      0,
      0,
      0,
      0,
      0,
      3806,
      1299,
      431014,
      0,
      4,
      0,
      25,
      0,
      0,
      0,
      0,
      0,
      0
    ],
    [
      15251,
      1605,
